{
  "project_info": {
    "project_number": "680937782069",
    "firebase_url": "https://housingproject-8cef6.firebaseio.com",
    "project_id": "housingproject-8cef6",
    "storage_bucket": "housingproject-8cef6.appspot.com"
  },
  "client": [
    {
      "client_info": {
        "mobilesdk_app_id": "1:680937782069:android:af61884b8cba3dd7086a7c",
        "android_client_info": {
          "package_name": "com.example.housingsociety"
        }
      },
      "oauth_client": [
        {
          "client_id": "680937782069-46m3lnivecu3j907prddq7adps70rafg.apps.googleusercontent.com",
          "client_type": 1,
          "android_info": {
            "package_name": "com.example.housingsociety",
            "certificate_hash": "28eefed64aa7c4be49222c7a279a302e36c799c9"
          }
        },
        {
          "client_id": "680937782069-autvf8v7kr9ftb1mqu95r18rlleu8qiv.apps.googleusercontent.com",
          "client_type": 3
        }
      ],
      "api_key": [
        {
          "current_key": "AIzaSyBtzf2DrvmwCIlNuHnhLN9uCZsl3srYQeI"
        }
      ],
      "services": {
        "appinvite_service": {
          "other_platform_oauth_client": [
            {
              "client_id": "680937782069-autvf8v7kr9ftb1mqu95r18rlleu8qiv.apps.googleusercontent.com",
              "client_type": 3
            }
          ]
        }
      }
    }
  ],
  "configuration_version": "1"
}